Company,Ticker,Industry
AbercrmFitch,ANF,RETAIL-APPRL/SHOES/ACC
Vertiv,VRT,ELECTRICAL POWER/EQPMT
SuperMicro,SMCI,CMP-HRDWRE/PERIP
Nvidia,NVDA,ELEC-SEMICON FBLSS
Duolingo,DUOL,CMPTR SFTWR-EDU
Skywst,SKYW,TRNSPRTTIN-AIRLNE
Camtek,CAMT,ELEC-SCNTIFIC/MSRNG
BlugreenVactns,BVH,FNCE-INVSMNT MGT
Modine,MOD,BLDG-A/C & HEATING P
MIHomes,MHO,BLDG-RSIDNT/COMML
MetaPlatfrms,META,INTERNET-CONTENT
Cimpress,CMPR,COMML SVC-DOC MGMT
FTAI Aviation,FTAI,AEROSPACE/DEFENSE
Samsara,IOT,COMPTR SFTWR-ENTR
SterlingInfra,STRL,BLDG-HEAVY CONSTR
BeazerHmes,BZH,BLDG-RSIDNT/COMML
XPOLogstc,XPO,TRANSPORT-LOGISTICS
RoyalCaribb,RCL,LEISURE-SERVICES
ELF Beauty,ELF,COSMETICS/PERSNL CRE
Builders First,BLDR,BLDG-CNSTR PRDS/MSC
Powellnds,POWL,ELECTRICAL POWER/EQPMT
Uber,UBER,LEISURE-SERVICES
GIIIApparel,GIII,APPREL-CLTHING MFG
CrowdStrike,CRWD,COMPTR SFTWR-SCRITY
ConsWtr,CWCO,UTILITY-WATER SUPPLY
Topbuild,BLD,BLDG-CNSTR PRDS/MSC
Spotify,SPOT,CMPTR SFTWR-EDU
Alpha Metallur,AMR,ENERGY COAL
Dorian LPG,LPG,OIL&GAS-TRNSPRT/PIP
F&gAnnuities,FG,INSURANCE-LIFE
Advanced Micro,AMD,ELEC-SEMICON FBLSS
PulteGrp,PHM,BLDG-RSIDNT/COMML
PGT Innova,PGTI,BLDG-CNSTR PRDS/MSC
Onto Innov,ONTO,ELEC-SEMICNDCTR EQP
Shopify,SHOP,COMPTR SFTWR-ENTR
SimpsonMfg,SSD,BLDG-CNSTR PRDS/MSC
HCI Group,HCI,INSRNCE-PRP/CAS/TITL
Amphastar,AMPH,MEDICAL-BIOMED/BTH
GooseheadInsrA,GSHD,INSRNCE-PRP/CAS/TITL
InterDigtl,IDCC,ELEC-MISC PRODUCTS
Elastic,ESTC,CMP SFTWR-DBASE
BellringBrnds,BRBR,COSMETICS/PERSNL CRE
Forestar,FOR,REAL STATE DVLPMT/OPS
Green Brick,GRBK,BLDG-RSIDNT/COMML
InstalledBldg,IBP,BLDG-MNTNANCE & S
PaloAltNts,PANW,COMPTR SFTWR-SCRITY
New Oriental,EDU,CONSUMR SVC-EDCATION
Core&Main,CNM,BLDG-CNSTR PRDS/MSC
Saia,SAIA,TRNSPORTATION-TRCK
MongoDB,MDB,CMP SFTWR-DBASE
TollBros,TOL,BLDG-RSIDNT/COMML
Customers Banc,CUBI,BANKS-NORTHEAST
JakksPacif,JAKK,LEISR-TYS/GMS/HBBY
Bel Fuse B,BELFB,ELEC-PARTS
Tesla,TSLA,AUTO MANUFACTURERS
HubSpot,HUBS,CMP SFTWR-SPC-ENTR
Broadcom,AVGO,ELEC-SEMICON FBLSS
USCell,USM,TELCOM SVC-WIRLES
Salesforce,CRM,COMPTR SFTWR-ENTR
Zscaler,ZS,COMPTR SFTWR-SCRITY
KBHome,KBH,BLDG-RSIDNT/COMML
Tidewater,TDW,OIL&GAS-FIELD SERVIC
Trex,TREX,BLDG-CNSTR PRDS/MSC
UiPath A,PATH,COMPTR SFTWR-ENTR
GeneralElec,GE,DVRSIFIED OPRTIONS
FairIsaac,FICO,COMPTR SFTWR-FINCL
USSteel,X,STEEL-PRODUCERS
AristaNtk,ANET,COMPTER-NETWRKING
Weatherford,WFRD,OIL&GAS-MCHNRY/EQ
CarpenterTech,CRS,STEEL-SPCLTY ALLOYS
Rambus,RMBS,ELEC-SEMICON FBLSS
TriPointeHomes,TPH,BLDG-RSIDNT/COMML
Dell Techs C,DELL,CMP-HRDWRE/PERIP
Cameco,CCJ,Mining-Metal Ores
Intel,INTC,ELEC-SEMICON MFG
AmWdmrk,AMWD,BLDG-CNSTR PRDS/MSC
Stride,LRN,CONSUMR SVC-EDCATION
Varonis Sys,VRNS,CMP SFTWR-DBASE
MeritgeHme,MTH,BLDG-RSIDNT/COMML
Vista Enregy,VIST,OIL&GAS-INTL EXPL PR
BoiseCascade,BCC,BLDG-WOOD PRDS
Azek Co A,AZEK,BLDG-CNSTR PRDS/MSC
Worthington,WOR,METAL PROC & FABRICA
FormFactor,FORM,ELEC-SEMICNDCTR EQP
Lennox,LII,BLDG-A/C & HEATING P
Jabil,JBL,ELEC-CONTRACT MFG
Wingstop,WING,RETAIL-RESTAURANTS
Photronics,PLAB,ELEC-SEMICNDCTR EQP
LamRsr,LRCX,ELEC-SEMICNDCTR EQP
MercadoLibre,MELI,RETAIL-INTERNET
Vertex,VERX,COMPTR SFTWR-FINCL
VitaCocoCos,COCO,BEV-NON-ALCOHOLIC
AltairEngin,ALTR,COMPTER SFTWR-DSGN
Atlassian A,TEAM,CMP SFTWR-SPC-ENTR
RadNet,RDNT,MDCAL-OUTPNT/HM CR
Esab Corp,ESAB,MCHNRY-GEN INDSTRL
Cloudflare,NET,COMPTR SFTWR-ENTR
Api Group,APG,SECURITY/SFTY
Li Auto,LI,AUTO MANUFACTURERS
Nutanix,NTNX,COMPTR SFTWR-ENTR
